{
  "title_character_selection": "Character Selection",
  "title_character_delete": "Delete Character",
  "title_register_character": "Register Character",
  "available": "Available",
  "slot": "Slot",
  "locked": "Locked",
  "create_character_button": "Create Character",
  "delete_character_button": "Delete Character",
  "select_character_button": "Select Character",
  "warning_header": "⚠️ Warning",
  "delete_text_1": "You are about to delete your character permanently. This action CANNOT be undone.",
  "delete_text_2": "Are you sure you want to delete your character?.",
  "delete_label": "Answer correctly to proceed:",
  "delete_placeholder": "2 + 2 = ?",
  "delete_cancel_button": "Keep Character",
  "delete_button": "Yes, Delete",
  "firstName": "First Name",
  "lastName": "Last Name",
  "nationality": "Nationality",
  "gender": "Gender",
  "birthdate": "Birthdate",
  "button_cancel": "Cancel",
  "button_continue": "Continue"
}